{
  "pune": "Pune is a major city in Maharashtra, known for education, IT hubs, and cultural heritage.",
  "india capital": "The capital of India is New Delhi.",
  "node js": "Node.js is a JavaScript runtime built on Chrome's V8 engine.",

  "infineon": "Infineon Technologies is a global semiconductor company specializing in power systems, automotive, and IoT solutions.",
  "what does infineon do": "Infineon develops semiconductors used in automotive electronics, power management, industrial automation, and security solutions.",
  "infineon headquarters": "Infineon Technologies is headquartered in Neubiberg, near Munich, Germany.",
  "infineon automotive": "Infineon is a leading supplier of automotive semiconductors, powering electric vehicles, ADAS, and in-vehicle safety systems.",
  "infineon power semiconductors": "Infineon is known for its power semiconductors such as IGBTs, MOSFETs, and SiC devices used in energy-efficient systems.",
  "infineon microcontrollers": "Infineon offers microcontrollers like the AURIX and XMC families for automotive and industrial applications.",
  "infineon security": "Infineon provides hardware-based security solutions including TPMs, smart cards, and embedded security controllers.",
  "infineon iot": "Infineon supports IoT development with connectivity, sensors, microcontrollers, and security components.",
  "infineon india": "Infineon has a strong presence in India with engineering, R&D, and software development teams.",
  "why infineon is important": "Infineon plays a critical role in enabling energy efficiency, e-mobility, renewable energy, and digital security worldwide."
}
